/*!999999\- enable the sandbox mode */ 
-- MariaDB dump 10.19  Distrib 10.11.8-MariaDB, for FreeBSD14.0 (amd64)
--
-- Host: localhost    Database: stockist
-- ------------------------------------------------------
-- Server version	10.11.8-MariaDB

/*!40101 SET @OLD_CHARACTER_SET_CLIENT=@@CHARACTER_SET_CLIENT */;
/*!40101 SET @OLD_CHARACTER_SET_RESULTS=@@CHARACTER_SET_RESULTS */;
/*!40101 SET @OLD_COLLATION_CONNECTION=@@COLLATION_CONNECTION */;
/*!40101 SET NAMES utf8mb4 */;
/*!40103 SET @OLD_TIME_ZONE=@@TIME_ZONE */;
/*!40103 SET TIME_ZONE='+00:00' */;
/*!40014 SET @OLD_UNIQUE_CHECKS=@@UNIQUE_CHECKS, UNIQUE_CHECKS=0 */;
/*!40014 SET @OLD_FOREIGN_KEY_CHECKS=@@FOREIGN_KEY_CHECKS, FOREIGN_KEY_CHECKS=0 */;
/*!40101 SET @OLD_SQL_MODE=@@SQL_MODE, SQL_MODE='NO_AUTO_VALUE_ON_ZERO' */;
/*!40111 SET @OLD_SQL_NOTES=@@SQL_NOTES, SQL_NOTES=0 */;

--
-- Table structure for table `stockist_category`
--

DROP TABLE IF EXISTS `stockist_category`;
/*!40101 SET @saved_cs_client     = @@character_set_client */;
/*!40101 SET character_set_client = utf8 */;
CREATE TABLE `stockist_category` (
  `category_id` int(8) NOT NULL AUTO_INCREMENT,
  `category_name` varchar(1500) NOT NULL,
  `category_code` varchar(500) NOT NULL,
  `created_at` timestamp NOT NULL DEFAULT current_timestamp() ON UPDATE current_timestamp(),
  PRIMARY KEY (`category_id`),
  UNIQUE KEY `category_code` (`category_code`)
) ENGINE=InnoDB AUTO_INCREMENT=10 DEFAULT CHARSET=latin1 COLLATE=latin1_swedish_ci;
/*!40101 SET character_set_client = @saved_cs_client */;

--
-- Dumping data for table `stockist_category`
--

LOCK TABLES `stockist_category` WRITE;
/*!40000 ALTER TABLE `stockist_category` DISABLE KEYS */;
INSERT INTO `stockist_category` VALUES
(1,'Keperluan Pabrik','5120090501','2022-03-25 01:59:54'),
(2,'Pemeliharaan Bangunan Perusahaan','5120090601','2022-03-25 01:59:54'),
(3,'Pemeliharaan Mesin','5120090801','2022-03-25 01:59:54'),
(4,'Pemeliharaan Utiliti','5120090802','2022-03-25 01:59:54'),
(5,'Pemeliharaan Pabrik','5120090803','2022-03-25 01:59:54'),
(6,'Pemeliharaan Inventaris Kantor','5120090901','2022-03-25 01:59:54'),
(7,'Pemeliharaan Inventaris Kantor  IT','5120090902','2022-03-25 01:59:54'),
(8,'Uji Peralatan','5120091301','2022-03-25 01:59:54');
/*!40000 ALTER TABLE `stockist_category` ENABLE KEYS */;
UNLOCK TABLES;

--
-- Table structure for table `stockist_config`
--

DROP TABLE IF EXISTS `stockist_config`;
/*!40101 SET @saved_cs_client     = @@character_set_client */;
/*!40101 SET character_set_client = utf8 */;
CREATE TABLE `stockist_config` (
  `config_id` tinyint(2) NOT NULL AUTO_INCREMENT,
  `config_name` varchar(200) NOT NULL,
  `value` tinyint(3) NOT NULL DEFAULT 0,
  `created_at` timestamp NOT NULL DEFAULT current_timestamp() ON UPDATE current_timestamp(),
  PRIMARY KEY (`config_id`)
) ENGINE=InnoDB AUTO_INCREMENT=2 DEFAULT CHARSET=latin1 COLLATE=latin1_swedish_ci;
/*!40101 SET character_set_client = @saved_cs_client */;

--
-- Dumping data for table `stockist_config`
--

LOCK TABLES `stockist_config` WRITE;
/*!40000 ALTER TABLE `stockist_config` DISABLE KEYS */;
INSERT INTO `stockist_config` VALUES
(1,'minimal_stock',10,'2022-06-11 16:26:21');
/*!40000 ALTER TABLE `stockist_config` ENABLE KEYS */;
UNLOCK TABLES;

--
-- Table structure for table `stockist_item`
--

DROP TABLE IF EXISTS `stockist_item`;
/*!40101 SET @saved_cs_client     = @@character_set_client */;
/*!40101 SET character_set_client = utf8 */;
CREATE TABLE `stockist_item` (
  `item_id` int(11) NOT NULL AUTO_INCREMENT,
  `item_name` varchar(2000) NOT NULL,
  `price` double DEFAULT 0,
  `img` varchar(2200) DEFAULT NULL,
  `thumbnail` varchar(2200) DEFAULT NULL,
  `item_code` varchar(100) NOT NULL,
  `category_id` int(8) NOT NULL,
  `unit` varchar(50) NOT NULL,
  `location` varchar(300) DEFAULT NULL,
  `created_at` timestamp NOT NULL DEFAULT current_timestamp(),
  `updated_at` timestamp NOT NULL DEFAULT current_timestamp() ON UPDATE current_timestamp(),
  PRIMARY KEY (`item_id`)
) ENGINE=InnoDB AUTO_INCREMENT=337 DEFAULT CHARSET=latin1 COLLATE=latin1_swedish_ci;
/*!40101 SET character_set_client = @saved_cs_client */;

--
-- Dumping data for table `stockist_item`
--

LOCK TABLES `stockist_item` WRITE;
/*!40000 ALTER TABLE `stockist_item` DISABLE KEYS */;
INSERT INTO `stockist_item` VALUES
(1,'KUNCI L',0,'',NULL,'F5032',1,'set','lantai 2 rak 3','2022-03-25 02:03:17','2024-07-10 01:34:03'),
(2,'LAMPU SENTER',2000,'',NULL,'F5036',1,'buah',NULL,'2022-03-25 02:03:17','2024-07-10 01:34:20'),
(3,'DOUBLE TAPE 3M',2500,'',NULL,'F3994',1,'rol','Wates','2022-03-25 02:03:17','2024-07-10 01:34:24'),
(4,'FISHER 6 MM',0,'',NULL,'F4011',2,'dus',NULL,'2022-03-25 02:03:17','2024-07-10 01:34:09'),
(5,'FISHER 8 MM',0,'',NULL,'F4012',2,'buah',NULL,'2022-03-25 02:03:17','2024-07-10 01:34:09'),
(6,'KUAS',0,'',NULL,'F4059',2,'buah',NULL,'2022-03-25 02:03:17','2024-07-10 01:34:09'),
(7,'MATA BOR BESI',0,'',NULL,'F4148',2,'buah',NULL,'2022-03-25 02:03:17','2024-07-10 01:34:09'),
(8,'MATA BOR TEMBOK / BETON',0,'',NULL,'F4151',2,'buah',NULL,'2022-03-25 02:03:17','2024-07-10 01:34:09'),
(9,'MATA BOR BESI 3,5 MM',0,'',NULL,'F4182',2,'buah',NULL,'2022-03-25 02:03:17','2024-07-10 01:34:09'),
(10,'MATA BOR BESI 4 MM',0,'',NULL,'F4184',2,'buah',NULL,'2022-03-25 02:03:17','2024-07-10 01:34:09'),
(11,'MATA BOR BESI 4,5 MM',0,'',NULL,'F4185',2,'buah',NULL,'2022-03-25 02:03:17','2024-07-10 01:34:09'),
(12,'MATA BOR BESI 5 MM',0,'',NULL,'F4186',2,'buah',NULL,'2022-03-25 02:03:17','2024-07-10 01:34:09'),
(13,'MATA BOR BESI 6 MM',0,'',NULL,'F4188',2,'buah',NULL,'2022-03-25 02:03:17','2024-07-10 01:34:09'),
(14,'MATA BOR SS 3,5 MM',0,'',NULL,'F4197',2,'buah',NULL,'2022-03-25 02:03:17','2024-07-10 01:34:09'),
(15,'MATA BOR SS 4,5 MM',0,'',NULL,'F4199',2,'buah',NULL,'2022-03-25 02:03:17','2024-07-10 01:34:09'),
(16,'MATA BOR SS 5,5 MM',0,'',NULL,'F4201',2,'buah',NULL,'2022-03-25 02:03:17','2024-07-10 01:34:09'),
(17,'PEMBERSIHAN LAMPU DI AREA PRODUKSI',0,'',NULL,'F4322',2,'ls',NULL,'2022-03-25 02:03:17','2024-07-10 01:34:09'),
(18,'PAHAT BETON 3 CM',0,'',NULL,'F4447',2,'buah',NULL,'2022-03-25 02:03:17','2024-07-10 01:34:09'),
(19,'SEKRUP FISHER 6 MM',0,'',NULL,'F4594',2,'dus',NULL,'2022-03-25 02:03:17','2024-07-10 01:34:09'),
(20,'Perbaikan Solar Cell',0,'',NULL,'F5095',2,'ls',NULL,'2022-03-25 02:03:17','2024-07-10 01:34:09'),
(21,'BUSBAR SISIR',0,'',NULL,'F0206',3,'m',NULL,'2022-03-25 02:03:17','2024-07-10 01:34:09'),
(22,'INDIKATOR PANEL LAMP',0,'',NULL,'F1131',3,'buah',NULL,'2022-03-25 02:03:17','2024-07-10 01:34:09'),
(23,'JUNCTION BOX',0,'',NULL,'F1187',3,'buah',NULL,'2022-03-25 02:03:17','2024-07-10 01:34:09'),
(24,'KABEL NYYHY 0,75 MM X 4',0,'',NULL,'F1294',3,'m',NULL,'2022-03-25 02:03:17','2024-07-10 01:34:09'),
(25,'KUNCI PANEL',0,'',NULL,'F1324',3,'buah',NULL,'2022-03-25 02:03:17','2024-07-10 01:34:09'),
(26,'KONEKTOR KABEL 4MM',0,'',NULL,'F1331',3,'buah',NULL,'2022-03-25 02:03:17','2024-07-10 01:34:09'),
(27,'KONEKTOR KABEL 6MM',0,'',NULL,'F1332',3,'buah',NULL,'2022-03-25 02:03:17','2024-07-10 01:34:09'),
(28,'KONEKTOR KABEL 10MM',0,'',NULL,'F1333',3,'buah',NULL,'2022-03-25 02:03:17','2024-07-10 01:34:09'),
(29,'KONEKTOR KABEL 16MM',0,'',NULL,'F1334',3,'buah',NULL,'2022-03-25 02:03:17','2024-07-10 01:34:09'),
(30,'KONEKTOR KABEL 25MM',0,'',NULL,'F1335',3,'buah',NULL,'2022-03-25 02:03:17','2024-07-10 01:34:09'),
(31,'KONEKTOR KABEL 35MM',0,'',NULL,'F1336',3,'buah',NULL,'2022-03-25 02:03:17','2024-07-10 01:34:09'),
(32,'KONEKTOR KABEL 50MM',0,'',NULL,'F1337',3,'buah',NULL,'2022-03-25 02:03:17','2024-07-10 01:34:09'),
(33,'KONEKTOR KABEL 75MM',0,'',NULL,'F1338',3,'buah',NULL,'2022-03-25 02:03:17','2024-07-10 01:34:09'),
(34,'KONEKTOR KABEL 90MM',0,'',NULL,'F1339',3,'buah',NULL,'2022-03-25 02:03:17','2024-07-10 01:34:09'),
(35,'KONEKTOR KABEL 120MM',0,'',NULL,'F1340',3,'buah',NULL,'2022-03-25 02:03:17','2024-07-10 01:34:09'),
(36,'KONEKTOR KABEL 150MM',0,'',NULL,'F1341',3,'buah',NULL,'2022-03-25 02:03:17','2024-07-10 01:34:09'),
(37,'KONEKTOR KABEL 240MM',0,'',NULL,'F1342',3,'buah',NULL,'2022-03-25 02:03:17','2024-07-10 01:34:09'),
(38,'KONEKTOR KABEL 300MM',0,'',NULL,'F1343',3,'buah',NULL,'2022-03-25 02:03:17','2024-07-10 01:34:09'),
(39,'KWH METER DIGITAL 1 PHASE',0,'',NULL,'F1345',3,'buah',NULL,'2022-03-25 02:03:17','2024-07-10 01:34:09'),
(40,'KWH METER DIGITAL 3 PHASE',0,'',NULL,'F1346',3,'buah',NULL,'2022-03-25 02:03:17','2024-07-10 01:34:09'),
(41,'OFTAK DUS CABANG 4 (AFTAK DUS)',0,'',NULL,'F1767',3,'buah',NULL,'2022-03-25 02:03:17','2024-07-10 01:34:09'),
(42,'PERBAIKAN KABEL TM PLN',0,'',NULL,'F2381',3,'set',NULL,'2022-03-25 02:03:17','2024-07-10 01:34:09'),
(43,'PRESSURE SENSOR : ­ 1,0 ~ 2,5 BAR',0,'',NULL,'F2404',3,'buah',NULL,'2022-03-25 02:03:17','2024-07-10 01:34:09'),
(44,'PERBAIKAN INSTALASI LISTRIK + PERENCANAAN',0,'',NULL,'F2448',3,'ls',NULL,'2022-03-25 02:03:17','2024-07-10 01:34:09'),
(45,'STOP KONTAK LEGRAND 3 PHASE 4 POLES 16 A INBOWL',0,'',NULL,'F3050',3,'buah',NULL,'2022-03-25 02:03:17','2024-07-10 01:34:09'),
(46,'STOP KONTAK LEGRAND 3 PHASE 4 POLES 16 A OUTBOWL',0,'',NULL,'F3051',3,'buah',NULL,'2022-03-25 02:03:17','2024-07-10 01:34:09'),
(47,'STOP KONTAK LEGRAND 3 PHASE 4 POLES 32 A INBOWL',0,'',NULL,'F3052',3,'buah',NULL,'2022-03-25 02:03:17','2024-07-10 01:34:09'),
(48,'STOP KONTAK LEGRAND 3 PHASE 4 POLES 32 A OUTBOWL',0,'',NULL,'F3053',3,'buah',NULL,'2022-03-25 02:03:17','2024-07-10 01:34:09'),
(49,'TUTUP LAMPU DR BAHAN ACRYLIC (150X30X15) CM',0,'',NULL,'F3218',3,'buah',NULL,'2022-03-25 02:03:17','2024-07-10 01:34:09'),
(50,'PIPA EGA 20 MM',0,'',NULL,'F2466',4,'buah',NULL,'2022-03-25 02:03:17','2024-07-10 01:34:09'),
(51,'PIPA EGA 25 MM',0,'',NULL,'F2467',4,'buah',NULL,'2022-03-25 02:03:17','2024-07-10 01:34:09'),
(52,'Perbaikan ETS',0,'',NULL,'F2521',4,'buah',NULL,'2022-03-25 02:03:17','2024-07-10 01:34:09'),
(53,'STEKER LISTRIK',0,'',NULL,'F2836',4,'buah',NULL,'2022-03-25 02:03:17','2024-07-10 01:34:09'),
(54,'SKUN KABEL',0,'',NULL,'F3022',4,'buah',NULL,'2022-03-25 02:03:17','2024-07-10 01:34:09'),
(55,'SOCKER PIPA EGA 20 MM',0,'',NULL,'F3108',4,'buah',NULL,'2022-03-25 02:03:17','2024-07-10 01:34:09'),
(56,'SOCKER PIPA EGA 25 MM',0,'',NULL,'F3109',4,'buah',NULL,'2022-03-25 02:03:17','2024-07-10 01:34:09'),
(57,'TERMINAL LISTRIK',0,'',NULL,'F3315',4,'buah',NULL,'2022-03-25 02:03:17','2024-07-10 01:34:09'),
(58,'KABEL TRAY',0,'',NULL,'F3338',4,'btg',NULL,'2022-03-25 02:03:17','2024-07-10 01:34:09'),
(59,'Pemeliharaan Instalasi Kabel Jaringan',0,'',NULL,'F3808',4,'ls',NULL,'2022-03-25 02:03:17','2024-07-10 01:34:09'),
(60,'PENGGANTIAN TRAY KABEL',0,'',NULL,'F4066',4,'ls',NULL,'2022-03-25 02:03:17','2024-07-10 01:34:09'),
(61,'PERBAIKAN INSTALASI LISTRIK',0,'',NULL,'F4302',4,'ls',NULL,'2022-03-25 02:03:17','2024-07-10 01:34:09'),
(62,'PERBAIKAN TRAY KABEL',0,'',NULL,'F4487',4,'ls',NULL,'2022-03-25 02:03:17','2024-07-10 01:34:09'),
(63,'SKUN KABEL',0,'',NULL,'F5033',4,'pak',NULL,'2022-03-25 02:03:17','2024-07-10 01:34:09'),
(64,'Kabel Listrik',0,'',NULL,'F5966',4,'METER',NULL,'2022-03-25 02:03:17','2024-07-10 01:34:09'),
(65,'Change Over Switch (Cos)',0,'',NULL,'F5968',4,'buah',NULL,'2022-03-25 02:03:17','2024-07-10 01:34:09'),
(66,'Power Monitor Digital',0,'',NULL,'F5969',4,'buah',NULL,'2022-03-25 02:03:17','2024-07-10 01:34:09'),
(67,'Terminal Krustin',0,'',NULL,'F5973',4,'pack',NULL,'2022-03-25 02:03:17','2024-07-10 01:34:09'),
(68,'Junction Box Hensel/Legrand',0,'',NULL,'F5974',4,'buah',NULL,'2022-03-25 02:03:17','2024-07-10 01:34:09'),
(69,'ETS (electicity treatment system)',0,'',NULL,'F6324',4,'set',NULL,'2022-03-25 02:03:17','2024-07-10 01:34:09'),
(70,'Power Meter',0,'',NULL,'F6325',4,'set',NULL,'2022-03-25 02:03:17','2024-07-10 01:34:09'),
(71,'solar cell',0,'',NULL,'F6328',4,'pcs',NULL,'2022-03-25 02:03:17','2024-07-10 01:34:09'),
(72,'Inverter Solar cell',0,'',NULL,'F6329',4,'pcs',NULL,'2022-03-25 02:03:17','2024-07-10 01:34:09'),
(73,'Kabel TR',0,'',NULL,'F6332',4,'m',NULL,'2022-03-25 02:03:17','2024-07-10 01:34:09'),
(74,'Kabel TM',0,'',NULL,'F6333',4,'m',NULL,'2022-03-25 02:03:17','2024-07-10 01:34:09'),
(75,'Perbaikan Power Meter',0,'',NULL,'F6387',4,'ls',NULL,'2022-03-25 02:03:17','2024-07-10 01:34:09'),
(76,'Peremajaan panel TR',0,'',NULL,'F6389',4,'ls',NULL,'2022-03-25 02:03:17','2024-07-10 01:34:09'),
(77,'Peremajaan Panel TM',0,'',NULL,'F6390',4,'ls',NULL,'2022-03-25 02:03:17','2024-07-10 01:34:09'),
(78,'Penarikan Kabel',0,'',NULL,'F6391',4,'ls',NULL,'2022-03-25 02:03:17','2024-07-10 01:34:09'),
(79,'Relokasi Panel',0,'',NULL,'F6392',4,'ls',NULL,'2022-03-25 02:03:17','2024-07-10 01:34:09'),
(80,'Perapihan Jaringan listrik',0,'',NULL,'F6393',4,'ls',NULL,'2022-03-25 02:03:17','2024-07-10 01:34:09'),
(81,'Perencanaan Jaringan Listrik',0,'',NULL,'F6395',4,'ls',NULL,'2022-03-25 02:03:17','2024-07-10 01:34:09'),
(82,'Perbaikan Grounding Sistem',0,'',NULL,'F6396',4,'ls',NULL,'2022-03-25 02:03:17','2024-07-10 01:34:09'),
(83,'Perbaikan Penyalur Petir',0,'',NULL,'F6397',4,'ls',NULL,'2022-03-25 02:03:17','2024-07-10 01:34:09'),
(84,'AVO METER',0,'',NULL,'F0015',5,'buah',NULL,'2022-03-25 02:03:17','2024-07-10 01:34:09'),
(85,'ACB',0,'',NULL,'F0058',5,'buah',NULL,'2022-03-25 02:03:17','2024-07-10 01:34:09'),
(86,'BALK HPIT + LAMPU (250 - 400 WATT)',0,'',NULL,'F0089',5,'buah',NULL,'2022-03-25 02:03:17','2024-07-10 01:34:09'),
(87,'BATTERY CR 2032 AVOMETER',0,'',NULL,'F0093',5,'buah',NULL,'2022-03-25 02:03:17','2024-07-10 01:34:09'),
(88,'BATTERY GP 9V 170 MI NIMH',0,'',NULL,'F0094',5,'buah',NULL,'2022-03-25 02:03:17','2024-07-10 01:34:09'),
(89,'BOX INSTRUMENT (U/ SPARE PARTS ELEKTRONIK)',0,'',NULL,'F0104',5,'buah',NULL,'2022-03-25 02:03:17','2024-07-10 01:34:09'),
(90,'BOX KUNCI',0,'',NULL,'F0105',5,'buah',NULL,'2022-03-25 02:03:17','2024-07-10 01:34:09'),
(91,'BALK + LAMPU TL 10 S/D 20W',0,'',NULL,'F0153',5,'buah',NULL,'2022-03-25 02:03:17','2024-07-10 01:34:09'),
(92,'BALK + LAMPU TL 36 S/D 40W',0,'',NULL,'F0154',5,'buah',NULL,'2022-03-25 02:03:17','2024-07-10 01:34:09'),
(93,'BATEREI LAMPU EXIT',0,'',NULL,'F0164',5,'buah',NULL,'2022-03-25 02:03:17','2024-07-10 01:34:09'),
(94,'BLOWER VAN (EXHAUST)',0,'',NULL,'F0171',5,'buah',NULL,'2022-03-25 02:03:17','2024-07-10 01:34:09'),
(95,'BATTERY UPS',0,'',NULL,'F0194',5,'buah',NULL,'2022-03-25 02:03:17','2024-07-10 01:34:09'),
(96,'BENDING PIPA EGA 20 MM',0,'',NULL,'F0203',5,'buah',NULL,'2022-03-25 02:03:17','2024-07-10 01:34:09'),
(97,'BENDING PIPA EGA 25 MM',0,'',NULL,'F0204',5,'buah',NULL,'2022-03-25 02:03:17','2024-07-10 01:34:09'),
(98,'BOR LISTRIK',0,'',NULL,'F0235',5,'buah',NULL,'2022-03-25 02:03:17','2024-07-10 01:34:09'),
(99,'BALK HPIT 150 W',0,'',NULL,'F0241',5,'buah',NULL,'2022-03-25 02:03:17','2024-07-10 01:34:09'),
(100,'CLAMP \"EGA\"',0,'',NULL,'F0294',5,'packs',NULL,'2022-03-25 02:03:17','2024-07-10 01:34:09'),
(101,'CABLE TIES/TIE RATE/INSULOCK BESAR',0,'',NULL,'F0324',5,'pack',NULL,'2022-03-25 02:03:17','2024-07-10 01:34:09'),
(102,'CABLE TIES/TIE RATE/INSULOCK KECIL',0,'',NULL,'F0325',5,'pack',NULL,'2022-03-25 02:03:17','2024-07-10 01:34:09'),
(103,'CABLE TIES/TIE RATE/INSULOCK SEDANG',0,'',NULL,'F0326',5,'pack',NULL,'2022-03-25 02:03:17','2024-07-10 01:34:09'),
(104,'CAPASITOR 60 MIKRO',0,'',NULL,'F0329',5,'buah',NULL,'2022-03-25 02:03:17','2024-07-10 01:34:09'),
(105,'CONTACTOR 10 AMPERE',0,'',NULL,'F0364',5,'buah',NULL,'2022-03-25 02:03:17','2024-07-10 01:34:09'),
(106,'CONTACTOR 20 AMPERE',0,'',NULL,'F0365',5,'buah',NULL,'2022-03-25 02:03:17','2024-07-10 01:34:09'),
(107,'CONTACTOR 35 AMPERE',0,'',NULL,'F0369',5,'buah',NULL,'2022-03-25 02:03:17','2024-07-10 01:34:09'),
(108,'COOL BRUSH',0,'',NULL,'F0375',5,'set',NULL,'2022-03-25 02:03:17','2024-07-10 01:34:09'),
(109,'CORDLESS HAND DRILL',0,'',NULL,'F0428',5,'buah',NULL,'2022-03-25 02:03:17','2024-07-10 01:34:09'),
(110,'DIMER',0,'',NULL,'F0451',5,'buah',NULL,'2022-03-25 02:03:17','2024-07-10 01:34:09'),
(111,'DYNA BOLD',0,'',NULL,'F0550',5,'buah',NULL,'2022-03-25 02:03:17','2024-07-10 01:34:09'),
(112,'FAN (EXHAUST FAN)',0,'',NULL,'F0679',5,'buah',NULL,'2022-03-25 02:03:17','2024-07-10 01:34:09'),
(113,'FAN CEILING',0,'',NULL,'F0681',5,'buah',NULL,'2022-03-25 02:03:17','2024-07-10 01:34:09'),
(114,'FLEXIBLE EGA',0,'',NULL,'F0721',5,'m',NULL,'2022-03-25 02:03:17','2024-07-10 01:34:09'),
(115,'FLEXIBLE PLASTIK (UNTUK LISTRIK)',0,'',NULL,'F0842',5,'rol',NULL,'2022-03-25 02:03:17','2024-07-10 01:34:09'),
(116,'FITING TL BULAT/RING',0,'',NULL,'F0888',5,'buah',NULL,'2022-03-25 02:03:17','2024-07-10 01:34:09'),
(117,'FITTING LAMPU TL',0,'',NULL,'F0889',5,'buah',NULL,'2022-03-25 02:03:17','2024-07-10 01:34:09'),
(118,'FITTING STARTER',0,'',NULL,'F0890',5,'buah',NULL,'2022-03-25 02:03:17','2024-07-10 01:34:09'),
(119,'GULUNG MOTOR / WEKEL UKURAN 0.5 S/D 11 KW',0,'',NULL,'F1000',5,'buah',NULL,'2022-03-25 02:03:17','2024-07-10 01:34:09'),
(120,'GULUNG MOTOR 2 PK',0,'',NULL,'F1003',5,'buah',NULL,'2022-03-25 02:03:17','2024-07-10 01:34:09'),
(121,'GULUNG MOTOR 7,5 PK',0,'',NULL,'F1008',5,'buah',NULL,'2022-03-25 02:03:17','2024-07-10 01:34:09'),
(122,'GERINDA TANGAN',0,'',NULL,'F1027',5,'unit',NULL,'2022-03-25 02:03:17','2024-07-10 01:34:09'),
(123,'HEAT SHRINK',0,'',NULL,'F1072',5,'m',NULL,'2022-03-25 02:03:17','2024-07-10 01:34:09'),
(124,'HANDLE KUNCI SHOCK',0,'',NULL,'F1099',5,'buah',NULL,'2022-03-25 02:03:17','2024-07-10 01:34:09'),
(125,'INBOWL DUS',0,'',NULL,'F1144',5,'buah',NULL,'2022-03-25 02:03:17','2024-07-10 01:34:09'),
(126,'INVERTER 1 S/D 2 KW',0,'',NULL,'F1155',5,'buah',NULL,'2022-03-25 02:03:17','2024-07-10 01:34:09'),
(127,'INVERTER 3 S/D 5 KW',0,'',NULL,'F1156',5,'buah',NULL,'2022-03-25 02:03:17','2024-07-10 01:34:09'),
(128,'INVERTER 6 S/D 12 KW',0,'',NULL,'F1157',5,'buah',NULL,'2022-03-25 02:03:17','2024-07-10 01:34:09'),
(129,'INVERTER 12 S/D 20 KW',0,'',NULL,'F1165',5,'buah',NULL,'2022-03-25 02:03:17','2024-07-10 01:34:09'),
(130,'INVERTER 20 S/D 30 KW',0,'',NULL,'F1166',5,'buah',NULL,'2022-03-25 02:03:17','2024-07-10 01:34:09'),
(131,'INFRARED TEMPERATURE',0,'',NULL,'F1181',5,'buah',NULL,'2022-03-25 02:03:17','2024-07-10 01:34:09'),
(132,'INFRARED METERAN',0,'',NULL,'F1182',5,'buah',NULL,'2022-03-25 02:03:17','2024-07-10 01:34:09'),
(133,'KABEL ROLL',0,'',NULL,'F1193',5,'m',NULL,'2022-03-25 02:03:17','2024-07-10 01:34:09'),
(134,'KABEL NYA',0,'',NULL,'F1220',5,'rol',NULL,'2022-03-25 02:03:17','2024-07-10 01:34:09'),
(135,'KABEL GLAND',0,'',NULL,'F1247',5,'buah',NULL,'2022-03-25 02:03:17','2024-07-10 01:34:09'),
(136,'KABEL NYAF 0,75 MM',0,'',NULL,'F1283',5,'m',NULL,'2022-03-25 02:03:17','2024-07-10 01:34:09'),
(137,'KABEL NYAF 1,5 MM',0,'',NULL,'F1285',5,'m',NULL,'2022-03-25 02:03:17','2024-07-10 01:34:09'),
(138,'KABEL NYM 1 MM X 3',0,'',NULL,'F1290',5,'m',NULL,'2022-03-25 02:03:17','2024-07-10 01:34:09'),
(139,'KABEL NYM 2,5 MM X 3',0,'',NULL,'F1291',5,'m',NULL,'2022-03-25 02:03:17','2024-07-10 01:34:09'),
(140,'KABEL NYYHY 1,5 MM X 4',0,'',NULL,'F1296',5,'m',NULL,'2022-03-25 02:03:17','2024-07-10 01:34:09'),
(141,'KABEL NYYHY 2,5 MM X 4',0,'',NULL,'F1297',5,'m',NULL,'2022-03-25 02:03:17','2024-07-10 01:34:09'),
(142,'KABLE DUCT',0,'',NULL,'F1299',5,'buah',NULL,'2022-03-25 02:03:17','2024-07-10 01:34:09'),
(143,'KAPASITOR STARTER',0,'',NULL,'F1300',5,'buah',NULL,'2022-03-25 02:03:17','2024-07-10 01:34:09'),
(144,'KLEM KABEL 10 MM',0,'',NULL,'F1301',5,'buah',NULL,'2022-03-25 02:03:17','2024-07-10 01:34:09'),
(145,'KONEKTOR KABEL',0,'',NULL,'F1306',5,'buah',NULL,'2022-03-25 02:03:17','2024-07-10 01:34:09'),
(146,'KUNCI SHOCK UKURAN 8 S/D 26 ML',0,'',NULL,'F1322',5,'buah',NULL,'2022-03-25 02:03:17','2024-07-10 01:34:09'),
(147,'KABEL NYA 1 X 1,5 MM2',0,'',NULL,'F1358',5,'m',NULL,'2022-03-25 02:03:17','2024-07-10 01:34:09'),
(148,'KABEL NYA 1 X 2,5 MM2',0,'',NULL,'F1359',5,'m',NULL,'2022-03-25 02:03:17','2024-07-10 01:34:09'),
(149,'KABEL NYA 1 X 4 MM2',0,'',NULL,'F1360',5,'m',NULL,'2022-03-25 02:03:17','2024-07-10 01:34:09'),
(150,'KABEL NYM 3 X 1,5 MM2',0,'',NULL,'F1368',5,'m',NULL,'2022-03-25 02:03:17','2024-07-10 01:34:09'),
(151,'KABEL NYM 3 X 2,5 MM2',0,'',NULL,'F1369',5,'m',NULL,'2022-03-25 02:03:17','2024-07-10 01:34:09'),
(152,'KABEL NYM 4 X 1,5 MM2',0,'',NULL,'F1370',5,'m',NULL,'2022-03-25 02:03:17','2024-07-10 01:34:09'),
(153,'KABEL NYM 4 X 2,5 MM2',0,'',NULL,'F1372',5,'m',NULL,'2022-03-25 02:03:17','2024-07-10 01:34:09'),
(154,'KABEL NYM 4 X 4 MM2',0,'',NULL,'F1373',5,'m',NULL,'2022-03-25 02:03:17','2024-07-10 01:34:09'),
(155,'KABEL NYM 4 X 6 MM2',0,'',NULL,'F1374',5,'m',NULL,'2022-03-25 02:03:17','2024-07-10 01:34:09'),
(156,'KABEL NYY 1 X 120 MM2',0,'',NULL,'F1377',5,'m',NULL,'2022-03-25 02:03:17','2024-07-10 01:34:09'),
(157,'KABEL NYY 1 X 240 MM2',0,'',NULL,'F1378',5,'m',NULL,'2022-03-25 02:03:17','2024-07-10 01:34:09'),
(158,'KABEL NYY 1 X 300 MM2',0,'',NULL,'F1379',5,'m',NULL,'2022-03-25 02:03:17','2024-07-10 01:34:09'),
(159,'KABEL NYY 1 X 70 MM2',0,'',NULL,'F1380',5,'m',NULL,'2022-03-25 02:03:17','2024-07-10 01:34:09'),
(160,'KABEL NYY 1 X 95 MM2',0,'',NULL,'F1381',5,'m',NULL,'2022-03-25 02:03:17','2024-07-10 01:34:09'),
(161,'KABEL NYY 4 X 10 MM2',0,'',NULL,'F1382',5,'m',NULL,'2022-03-25 02:03:17','2024-07-10 01:34:09'),
(162,'KABEL NYY 4 X 16 MM2',0,'',NULL,'F1384',5,'m',NULL,'2022-03-25 02:03:17','2024-07-10 01:34:09'),
(163,'KABEL NYY 4 X 25 MM2',0,'',NULL,'F1386',5,'m',NULL,'2022-03-25 02:03:17','2024-07-10 01:34:09'),
(164,'KABEL NYY 4 X 35 MM2',0,'',NULL,'F1388',5,'m',NULL,'2022-03-25 02:03:17','2024-07-10 01:34:09'),
(165,'KABEL NYY 4 X 50 MM2',0,'',NULL,'F1389',5,'m',NULL,'2022-03-25 02:03:17','2024-07-10 01:34:09'),
(166,'KABEL NYY 3 X 1,5 MM2',0,'',NULL,'F1394',5,'m',NULL,'2022-03-25 02:03:17','2024-07-10 01:34:09'),
(167,'KABEL NYY 3 X 2,5 MM2',0,'',NULL,'F1395',5,'m',NULL,'2022-03-25 02:03:17','2024-07-10 01:34:09'),
(168,'KABEL NYY 4 X 1,5 MM2',0,'',NULL,'F1396',5,'m',NULL,'2022-03-25 02:03:17','2024-07-10 01:34:09'),
(169,'KABEL NYY 4 X 2,5 MM2',0,'',NULL,'F1397',5,'m',NULL,'2022-03-25 02:03:17','2024-07-10 01:34:09'),
(170,'KABEL NYY 4 X 4 MM2',0,'',NULL,'F1398',5,'m',NULL,'2022-03-25 02:03:17','2024-07-10 01:34:09'),
(171,'KABEL NYY 5 X 2,5 MM2',0,'',NULL,'F1399',5,'m',NULL,'2022-03-25 02:03:17','2024-07-10 01:34:09'),
(172,'KABEL NYYHY 3 X 0,75 MM2',0,'',NULL,'F1403',5,'m',NULL,'2022-03-25 02:03:17','2024-07-10 01:34:09'),
(173,'KABEL NYYHY 3 X 1,5 MM2',0,'',NULL,'F1404',5,'m',NULL,'2022-03-25 02:03:17','2024-07-10 01:34:09'),
(174,'KABEL NYYHY 3 X 2,5 MM2',0,'',NULL,'F1405',5,'m',NULL,'2022-03-25 02:03:17','2024-07-10 01:34:09'),
(175,'KABEL NYYHY 4 X 1,5 MM2',0,'',NULL,'F1406',5,'m',NULL,'2022-03-25 02:03:17','2024-07-10 01:34:09'),
(176,'KABEL NYYHY 4 X 10 MM2',0,'',NULL,'F1407',5,'m',NULL,'2022-03-25 02:03:17','2024-07-10 01:34:09'),
(177,'KABEL NYYHY 4 X 2,5 MM2',0,'',NULL,'F1409',5,'m',NULL,'2022-03-25 02:03:17','2024-07-10 01:34:09'),
(178,'KABEL NYYHY 5 X 1,5 MM2',0,'',NULL,'F1413',5,'m',NULL,'2022-03-25 02:03:17','2024-07-10 01:34:09'),
(179,'KABEL NYYHY 5 X 2,5 MM2',0,'',NULL,'F1414',5,'m',NULL,'2022-03-25 02:03:17','2024-07-10 01:34:09'),
(180,'KABEL NYZ 2 X 0,75 MM2',0,'',NULL,'F1415',5,'m',NULL,'2022-03-25 02:03:17','2024-07-10 01:34:09'),
(181,'KONTRA STEKER',0,'',NULL,'F1448',5,'buah',NULL,'2022-03-25 02:03:17','2024-07-10 01:34:09'),
(182,'KABEL TR 150 mm2',0,'',NULL,'F1474',5,'m',NULL,'2022-03-25 02:03:17','2024-07-10 01:34:09'),
(183,'LAMPU MIKROSKOP',0,'',NULL,'F1526',5,'buah',NULL,'2022-03-25 02:03:17','2024-07-10 01:34:09'),
(184,'LAMPU PEMANAS AYAM DOC',0,'',NULL,'F1528',5,'buah',NULL,'2022-03-25 02:03:17','2024-07-10 01:34:09'),
(185,'LAMPU HPIT',0,'',NULL,'F1541',5,'buah',NULL,'2022-03-25 02:03:17','2024-07-10 01:34:09'),
(186,'LAMPU INSECT TRAP 20 W',0,'',NULL,'F1545',5,'buah',NULL,'2022-03-25 02:03:17','2024-07-10 01:34:09'),
(187,'LAMPU LOGO SYSTEM LED',0,'',NULL,'F1546',5,'buah',NULL,'2022-03-25 02:03:17','2024-07-10 01:34:09'),
(188,'LAMPU TL 20 WATT',0,'',NULL,'F1547',5,'buah',NULL,'2022-03-25 02:03:17','2024-07-10 01:34:09'),
(189,'LAMPU TL 40 WATT',0,'',NULL,'F1548',5,'buah',NULL,'2022-03-25 02:03:17','2024-07-10 01:34:09'),
(190,'LAMPU HALOGEN 150 WATT',0,'',NULL,'F1553',5,'buah',NULL,'2022-03-25 02:03:17','2024-07-10 01:34:09'),
(191,'LAMPU INSECT TRAP 10 WATT',0,'',NULL,'F1557',5,'buah',NULL,'2022-03-25 02:03:17','2024-07-10 01:34:09'),
(192,'LAMPU INSECT TRAP 15 WATT',0,'',NULL,'F1558',5,'buah',NULL,'2022-03-25 02:03:17','2024-07-10 01:34:09'),
(193,'LAMPU LED',0,'',NULL,'F1559',5,'buah',NULL,'2022-03-25 02:03:17','2024-07-10 01:34:09'),
(194,'LIMIT SWITCH',0,'',NULL,'F1566',5,'buah',NULL,'2022-03-25 02:03:17','2024-07-10 01:34:09'),
(195,'LAMPU TL RING 32 W',0,'',NULL,'F1573',5,'buah',NULL,'2022-03-25 02:03:17','2024-07-10 01:34:09'),
(196,'LAMPU TL RING 20 W',0,'',NULL,'F1574',5,'buah',NULL,'2022-03-25 02:03:17','2024-07-10 01:34:09'),
(197,'LAMPU EXPLOSION PROOF',0,'',NULL,'F1580',5,'buah',NULL,'2022-03-25 02:03:17','2024-07-10 01:34:09'),
(198,'LAMPU TL T-5',0,'',NULL,'F1584',5,'buah',NULL,'2022-03-25 02:03:17','2024-07-10 01:34:09'),
(199,'MICRO SWITCH',0,'',NULL,'F1587',5,'buah',NULL,'2022-03-25 02:03:17','2024-07-10 01:34:09'),
(200,'Log Out Tag Out Station',0,'',NULL,'F1588',5,'set',NULL,'2022-03-25 02:03:17','2024-07-10 01:34:09'),
(201,'LUXMETER',0,'',NULL,'F1603',5,'buah',NULL,'2022-03-25 02:03:17','2024-07-10 01:34:09'),
(202,'METERAN 5 METER',0,'',NULL,'F1631',5,'buah',NULL,'2022-03-25 02:03:17','2024-07-10 01:34:09'),
(203,'METERAN 50 METER',0,'',NULL,'F1632',5,'buah',NULL,'2022-03-25 02:03:17','2024-07-10 01:34:09'),
(204,'MCB 1 PHASE 16 A',0,'',NULL,'F1656',5,'buah',NULL,'2022-03-25 02:03:17','2024-07-10 01:34:09'),
(205,'MCB 1 PHASE 2 A',0,'',NULL,'F1657',5,'buah',NULL,'2022-03-25 02:03:17','2024-07-10 01:34:09'),
(206,'MCB 1 PHASE 25 A',0,'',NULL,'F1658',5,'buah',NULL,'2022-03-25 02:03:17','2024-07-10 01:34:09'),
(207,'MCB 1 PHASE 32 A',0,'',NULL,'F1659',5,'buah',NULL,'2022-03-25 02:03:17','2024-07-10 01:34:09'),
(208,'MCB 1 PHASE 4 A',0,'',NULL,'F1660',5,'buah',NULL,'2022-03-25 02:03:17','2024-07-10 01:34:09'),
(209,'MCB 1 PHASE 40 A',0,'',NULL,'F1661',5,'buah',NULL,'2022-03-25 02:03:17','2024-07-10 01:34:09'),
(210,'MCB 1 PHASE 6 A',0,'',NULL,'F1662',5,'buah',NULL,'2022-03-25 02:03:17','2024-07-10 01:34:09'),
(211,'MCB 3 PHASE 16 A',0,'',NULL,'F1664',5,'buah',NULL,'2022-03-25 02:03:17','2024-07-10 01:34:09'),
(212,'MCB 3 PHASE 25 A',0,'',NULL,'F1665',5,'buah',NULL,'2022-03-25 02:03:17','2024-07-10 01:34:09'),
(213,'MCB 3 PHASE 32 A',0,'',NULL,'F1666',5,'buah',NULL,'2022-03-25 02:03:17','2024-07-10 01:34:09'),
(214,'MCB 3 PHASE 40 A',0,'',NULL,'F1667',5,'buah',NULL,'2022-03-25 02:03:17','2024-07-10 01:34:09'),
(215,'MCB 3 PHASE 63 A',0,'',NULL,'F1669',5,'buah',NULL,'2022-03-25 02:03:17','2024-07-10 01:34:09'),
(216,'MCCB > 1000A',0,'',NULL,'F1700',5,'buah',NULL,'2022-03-25 02:03:17','2024-07-10 01:34:09'),
(217,'NFB 100 AMPERE',0,'',NULL,'F1739',5,'buah',NULL,'2022-03-25 02:03:17','2024-07-10 01:34:09'),
(218,'NFB 125 AMPERE',0,'',NULL,'F1740',5,'buah',NULL,'2022-03-25 02:03:17','2024-07-10 01:34:09'),
(219,'NFB 200 AMPERE',0,'',NULL,'F1741',5,'buah',NULL,'2022-03-25 02:03:17','2024-07-10 01:34:09'),
(220,'NFB 250 AMPERE',0,'',NULL,'F1742',5,'buah',NULL,'2022-03-25 02:03:17','2024-07-10 01:34:09'),
(221,'NFB 300 AMPERE',0,'',NULL,'F1743',5,'buah',NULL,'2022-03-25 02:03:17','2024-07-10 01:34:09'),
(222,'NFB 400 AMPERE',0,'',NULL,'F1744',5,'buah',NULL,'2022-03-25 02:03:17','2024-07-10 01:34:09'),
(223,'NFB 50 AMPERE',0,'',NULL,'F1745',5,'buah',NULL,'2022-03-25 02:03:17','2024-07-10 01:34:09'),
(224,'NFB 63 AMPERE',0,'',NULL,'F1746',5,'buah',NULL,'2022-03-25 02:03:17','2024-07-10 01:34:09'),
(225,'NFB 630 AMPERE',0,'',NULL,'F1747',5,'buah',NULL,'2022-03-25 02:03:17','2024-07-10 01:34:09'),
(226,'NFB 75 AMPERE',0,'',NULL,'F1748',5,'buah',NULL,'2022-03-25 02:03:17','2024-07-10 01:34:09'),
(227,'NFB 80 AMPERE',0,'',NULL,'F1749',5,'buah',NULL,'2022-03-25 02:03:17','2024-07-10 01:34:09'),
(228,'NFB 100 A, 4 POLES',0,'',NULL,'F1752',5,'buah',NULL,'2022-03-25 02:03:17','2024-07-10 01:34:09'),
(229,'NFB 125 A, 4 POLES',0,'',NULL,'F1753',5,'buah',NULL,'2022-03-25 02:03:17','2024-07-10 01:34:09'),
(230,'NFB 250 A, 4 POLES',0,'',NULL,'F1754',5,'buah',NULL,'2022-03-25 02:03:17','2024-07-10 01:34:09'),
(231,'NFB 300 A, 4 POLES',0,'',NULL,'F1755',5,'buah',NULL,'2022-03-25 02:03:17','2024-07-10 01:34:09'),
(232,'NFB 400 A, 4 POLES',0,'',NULL,'F1756',5,'buah',NULL,'2022-03-25 02:03:17','2024-07-10 01:34:09'),
(233,'NFB 630 A, 4 POLES',0,'',NULL,'F1757',5,'buah',NULL,'2022-03-25 02:03:17','2024-07-10 01:34:09'),
(234,'OVER STEKER',0,'',NULL,'F1851',5,'buah',NULL,'2022-03-25 02:03:17','2024-07-10 01:34:09'),
(235,'PHASEKUEN',0,'',NULL,'F1995',5,'buah',NULL,'2022-03-25 02:03:17','2024-07-10 01:34:09'),
(236,'PERBAIKAN PANEL',0,'',NULL,'F2003',5,'buah',NULL,'2022-03-25 02:03:17','2024-07-10 01:34:09'),
(237,'PERBAIKAN SYSTEM POWER MONITOR',0,'',NULL,'F2077',5,'buah',NULL,'2022-03-25 02:03:17','2024-07-10 01:34:09'),
(238,'PERBAIKAN MOTOR BLOWER',0,'',NULL,'F2085',5,'buah',NULL,'2022-03-25 02:03:17','2024-07-10 01:34:09'),
(239,'PAKU SOLDER',0,'',NULL,'F2114',5,'buah',NULL,'2022-03-25 02:03:17','2024-07-10 01:34:09'),
(240,'PERMAGUM',0,'',NULL,'F2130',5,'kg',NULL,'2022-03-25 02:03:17','2024-07-10 01:34:09'),
(241,'POWER SUPPLY',0,'',NULL,'F2300',5,'buah',NULL,'2022-03-25 02:03:17','2024-07-10 01:34:09'),
(242,'PANEL LISTRIK (KHUSUS BOX PANEL LISTRIK)',0,'',NULL,'F2314',5,'buah',NULL,'2022-03-25 02:03:17','2024-07-10 01:34:09'),
(243,'PILOT LAMP',0,'',NULL,'F2323',5,'buah',NULL,'2022-03-25 02:03:17','2024-07-10 01:34:09'),
(244,'PERBAIKAN ACB',0,'',NULL,'F2398',5,'buah',NULL,'2022-03-25 02:03:17','2024-07-10 01:34:09'),
(245,'PERBAIKAN LAMINAR AIR FLOW',0,'',NULL,'F2432',5,'buah',NULL,'2022-03-25 02:03:17','2024-07-10 01:34:09'),
(246,'REL MCB',0,'',NULL,'F2604',5,'m',NULL,'2022-03-25 02:03:17','2024-07-10 01:34:09'),
(247,'RELAY LY2',0,'',NULL,'F2744',5,'buah',NULL,'2022-03-25 02:03:17','2024-07-10 01:34:09'),
(248,'RELAY MK3PI',0,'',NULL,'F2745',5,'buah',NULL,'2022-03-25 02:03:17','2024-07-10 01:34:09'),
(249,'RELAY MY2',0,'',NULL,'F2746',5,'buah',NULL,'2022-03-25 02:03:17','2024-07-10 01:34:09'),
(250,'RELAY MY4N',0,'',NULL,'F2747',5,'buah',NULL,'2022-03-25 02:03:17','2024-07-10 01:34:09'),
(251,'SSR INPUT 80-220VAC',0,'',NULL,'F2751',5,'buah',NULL,'2022-03-25 02:03:17','2024-07-10 01:34:09'),
(252,'RUBBER TAPE',0,'',NULL,'F2778',5,'buah',NULL,'2022-03-25 02:03:17','2024-07-10 01:34:09'),
(253,'REFILL DYMO LABELLER',0,'',NULL,'F2779',5,'buah',NULL,'2022-03-25 02:03:17','2024-07-10 01:34:09'),
(254,'SELECTOR SWITCH ON-OFF',0,'',NULL,'F2809',5,'buah',NULL,'2022-03-25 02:03:17','2024-07-10 01:34:09'),
(255,'SWITCHING POWER SUPPLY',0,'',NULL,'F2850',5,'buah',NULL,'2022-03-25 02:03:17','2024-07-10 01:34:09'),
(256,'SOFT STARTER',0,'',NULL,'F2901',5,'buah',NULL,'2022-03-25 02:03:17','2024-07-10 01:34:09'),
(257,'STATER LAMPU TL S-10',0,'',NULL,'F3027',5,'buah',NULL,'2022-03-25 02:03:17','2024-07-10 01:34:09'),
(258,'STATER LAMPU TL S-2',0,'',NULL,'F3028',5,'buah',NULL,'2022-03-25 02:03:17','2024-07-10 01:34:09'),
(259,'STOP KONTAK LEGRAND 3 PHASE 5 POLES 16 A OUTBOWL',0,'',NULL,'F3055',5,'buah',NULL,'2022-03-25 02:03:17','2024-07-10 01:34:09'),
(260,'STOP KONTAK LEGRAND 3 PHASE 5 POLES 32 A OUTBOWL',0,'',NULL,'F3057',5,'buah',NULL,'2022-03-25 02:03:17','2024-07-10 01:34:09'),
(261,'SAKELAR ANKLE/TUNGGAL INBOWL',0,'',NULL,'F3059',5,'buah',NULL,'2022-03-25 02:03:17','2024-07-10 01:34:09'),
(262,'SAKELAR ANKLE/TUNGGAL OUTBOWL',0,'',NULL,'F3060',5,'buah',NULL,'2022-03-25 02:03:17','2024-07-10 01:34:09'),
(263,'SAKELAR DOUBLE INBOWL',0,'',NULL,'F3061',5,'buah',NULL,'2022-03-25 02:03:17','2024-07-10 01:34:09'),
(264,'SAKELAR DOUBLE OUTBOWL',0,'',NULL,'F3062',5,'buah',NULL,'2022-03-25 02:03:17','2024-07-10 01:34:09'),
(265,'SAKELAR HOTEL INBOWL',0,'',NULL,'F3063',5,'buah',NULL,'2022-03-25 02:03:17','2024-07-10 01:34:09'),
(266,'STOP KONTAK 1 PHASE 3 LUBANG',0,'',NULL,'F3068',5,'buah',NULL,'2022-03-25 02:03:17','2024-07-10 01:34:09'),
(267,'STOP KONTAK 1 PHASE INBOWL',0,'',NULL,'F3069',5,'buah',NULL,'2022-03-25 02:03:17','2024-07-10 01:34:09'),
(268,'STOP KONTAK 1 PHASE OUTBOWL',0,'',NULL,'F3070',5,'buah',NULL,'2022-03-25 02:03:17','2024-07-10 01:34:09'),
(269,'STOP KONTAK 1 PHASE WATERPROOF',0,'',NULL,'F3071',5,'buah',NULL,'2022-03-25 02:03:17','2024-07-10 01:34:09'),
(270,'STOP KONTAK LEGRAND 1 PHASE 16 A OUTBOWL',0,'',NULL,'F3073',5,'buah',NULL,'2022-03-25 02:03:17','2024-07-10 01:34:09'),
(271,'STOP KONTAK LEGRAND 1 PHASE 32 A OUTBOWL',0,'',NULL,'F3075',5,'buah',NULL,'2022-03-25 02:03:17','2024-07-10 01:34:09'),
(272,'TOOL KIT BESAR (COMPLETE)',0,'',NULL,'F3210',5,'set',NULL,'2022-03-25 02:03:17','2024-07-10 01:34:09'),
(273,'TOOL KIT KECIL',0,'',NULL,'F3211',5,'set',NULL,'2022-03-25 02:03:17','2024-07-10 01:34:09'),
(274,'TOOL SET KUNCI PAS RING, OBENG & L',0,'',NULL,'F3212',5,'buah',NULL,'2022-03-25 02:03:17','2024-07-10 01:34:09'),
(275,'TESPEN',0,'',NULL,'F3219',5,'buah',NULL,'2022-03-25 02:03:17','2024-07-10 01:34:09'),
(276,'TANG AMPERE',0,'',NULL,'F3220',5,'buah',NULL,'2022-03-25 02:03:17','2024-07-10 01:34:09'),
(277,'TRAFO/BALAST LAMPU TL',0,'',NULL,'F3223',5,'buah',NULL,'2022-03-25 02:03:17','2024-07-10 01:34:09'),
(278,'TANGKAI TAP TANGAN',0,'',NULL,'F3240',5,'buah',NULL,'2022-03-25 02:03:17','2024-07-10 01:34:09'),
(279,'TAP TANGAN',0,'',NULL,'F3242',5,'buah',NULL,'2022-03-25 02:03:17','2024-07-10 01:34:09'),
(280,'TEMPERATUR CONTROL',0,'',NULL,'F3309',5,'buah',NULL,'2022-03-25 02:03:17','2024-07-10 01:34:09'),
(281,'THERMIS 12 AMPERE',0,'',NULL,'F3317',5,'buah',NULL,'2022-03-25 02:03:17','2024-07-10 01:34:09'),
(282,'THERMIS 25 AMPERE',0,'',NULL,'F3320',5,'buah',NULL,'2022-03-25 02:03:17','2024-07-10 01:34:09'),
(283,'THERMIS 6 AMPERE',0,'',NULL,'F3321',5,'buah',NULL,'2022-03-25 02:03:17','2024-07-10 01:34:09'),
(284,'THERMIS 9 AMPERE',0,'',NULL,'F3322',5,'buah',NULL,'2022-03-25 02:03:17','2024-07-10 01:34:09'),
(285,'TIMAH SOLDER',0,'',NULL,'F3324',5,'rol',NULL,'2022-03-25 02:03:17','2024-07-10 01:34:09'),
(286,'TRAFO/BALAST ELECTRONIC TL 20 W',0,'',NULL,'F3331',5,'buah',NULL,'2022-03-25 02:03:17','2024-07-10 01:34:09'),
(287,'TRAFO/BALAST ELECTRONIC TL 40 W',0,'',NULL,'F3332',5,'buah',NULL,'2022-03-25 02:03:17','2024-07-10 01:34:09'),
(288,'TIMER ANALOG',0,'',NULL,'F3345',5,'buah',NULL,'2022-03-25 02:03:17','2024-07-10 01:34:09'),
(289,'TIMER DIGITAL',0,'',NULL,'F3346',5,'buah',NULL,'2022-03-25 02:03:17','2024-07-10 01:34:09'),
(290,'TANK GRIP',0,'',NULL,'F3353',5,'buah',NULL,'2022-03-25 02:03:17','2024-07-10 01:34:09'),
(291,'TREKER',0,'',NULL,'F3354',5,'buah',NULL,'2022-03-25 02:03:17','2024-07-10 01:34:09'),
(292,'Tap',0,'',NULL,'F3371',5,'set',NULL,'2022-03-25 02:03:17','2024-07-10 01:34:09'),
(293,'Tang Ripet',0,'',NULL,'F3372',5,'set',NULL,'2022-03-25 02:03:17','2024-07-10 01:34:09'),
(294,'TL RING 30 WATT',0,'',NULL,'F3384',5,'buah',NULL,'2022-03-25 02:03:17','2024-07-10 01:34:09'),
(295,'VINYL KABEL',0,'',NULL,'F3551',5,'buah',NULL,'2022-03-25 02:03:17','2024-07-10 01:34:09'),
(296,'VACUUM PUMP HAND',0,'',NULL,'F3569',5,'buah',NULL,'2022-03-25 02:03:17','2024-07-10 01:34:09'),
(297,'WD 40/60',0,'',NULL,'F3575',5,'buah',NULL,'2022-03-25 02:03:17','2024-07-10 01:34:09'),
(298,'WATER LEVEL CONTROL (WLC)',0,'',NULL,'F3578',5,'buah',NULL,'2022-03-25 02:03:17','2024-07-10 01:34:09'),
(299,'Kunci Inggris',0,'',NULL,'F4850',5,'buah',NULL,'2022-03-25 02:03:17','2024-07-10 01:34:09'),
(300,'Kunci pas ring',0,'',NULL,'F4867',5,'set',NULL,'2022-03-25 02:03:17','2024-07-10 01:34:09'),
(301,'Hole saw',0,'',NULL,'F4892',5,'set',NULL,'2022-03-25 02:03:17','2024-07-10 01:34:09'),
(302,'PEKERJAAN PEMASANGAN LAMPU TYPE CLEANROOM DI RUANG BERKELAS',0,'',NULL,'F5045',5,'ls',NULL,'2022-03-25 02:03:17','2024-07-10 01:34:09'),
(303,'Perbaikan Instalasi Listrik TR',0,'',NULL,'F5113',5,'ls',NULL,'2022-03-25 02:03:17','2024-07-10 01:34:09'),
(304,'Perbaikan Instalasi Listrik TM',0,'',NULL,'F5114',5,'ls',NULL,'2022-03-25 02:03:17','2024-07-10 01:34:09'),
(305,'Balk + Lampu Ruang Berkelas',0,'',NULL,'F5115',5,'buah',NULL,'2022-03-25 02:03:17','2024-07-10 01:34:09'),
(306,'KABEL NYYHY 3 X 0,75 MM2',0,'',NULL,'F5453',5,'METER',NULL,'2022-03-25 02:03:17','2024-07-10 01:34:09'),
(307,'KABEL NYYHY 3 X 1,5 MM2',0,'',NULL,'F5454',5,'METER',NULL,'2022-03-25 02:03:17','2024-07-10 01:34:09'),
(308,'BLOWER EXHAUST FUME HOOD',0,'',NULL,'F5533',5,'buah',NULL,'2022-03-25 02:03:17','2024-07-10 01:34:09'),
(309,'Kap Lampu Plafon',0,'',NULL,'F5540',5,'buah',NULL,'2022-03-25 02:03:17','2024-07-10 01:34:09'),
(310,'Kontrak Service Pemeliharaan Laf',0,'',NULL,'F5965',5,'ls',NULL,'2022-03-25 02:03:17','2024-07-10 01:34:09'),
(311,'Sticker Reflector Tachometer',0,'',NULL,'F5967',5,'roll',NULL,'2022-03-25 02:03:17','2024-07-10 01:34:09'),
(312,'Mounting Kabel 3M',0,'',NULL,'F5971',5,'pack',NULL,'2022-03-25 02:03:17','2024-07-10 01:34:09'),
(313,'Armature Lampu Tl',0,'',NULL,'F5977',5,'buah',NULL,'2022-03-25 02:03:17','2024-07-10 01:34:09'),
(314,'Modul Control UPS',0,'',NULL,'F6326',5,'pcs',NULL,'2022-03-25 02:03:17','2024-07-10 01:34:09'),
(315,'Controller UPS',0,'',NULL,'F6327',5,'pcs',NULL,'2022-03-25 02:03:17','2024-07-10 01:34:09'),
(316,'baterai power supply DC',0,'',NULL,'F6330',5,'pcs',NULL,'2022-03-25 02:03:17','2024-07-10 01:34:09'),
(317,'Monitoring baterai',0,'',NULL,'F6331',5,'ls',NULL,'2022-03-25 02:03:17','2024-07-10 01:34:09'),
(318,'Perbaikan Modul UPS',0,'',NULL,'F6388',5,'ls',NULL,'2022-03-25 02:03:17','2024-07-10 01:34:09'),
(319,'CHARGER HANDY TALKY (HT)',0,'',NULL,'F3636',6,'buah',NULL,'2022-03-25 02:03:17','2024-07-10 01:34:09'),
(320,'KEY BOX',0,'',NULL,'F3652',6,'buah',NULL,'2022-03-25 02:03:17','2024-07-10 01:34:09'),
(321,'SERVICE HANDY TALKY (HT)',0,'',NULL,'F3670',6,'buah',NULL,'2022-03-25 02:03:17','2024-07-10 01:34:09'),
(322,'HANDY TALKY',0,'',NULL,'F4984',6,'unit',NULL,'2022-03-25 02:03:17','2024-07-10 01:34:09'),
(323,'SERVICE UPS',0,'',NULL,'F3819',7,'buah',NULL,'2022-03-25 02:03:17','2024-07-10 01:34:09'),
(324,'Battery UPS 12V 7AH',0,'',NULL,'F5372',7,'buah',NULL,'2022-03-25 02:03:17','2024-07-10 01:34:09'),
(325,'Kontrak Service Pemeliharaan Ups',0,'',NULL,'F5964',7,'ls',NULL,'2022-03-25 02:03:17','2024-07-10 01:34:09'),
(326,'KALIBRASI ALAT INFRARED THERMOMETER',0,'',NULL,'F5543',8,'buah',NULL,'2022-03-25 02:03:17','2024-07-10 01:34:09'),
(327,'KALIBRASI ALAT LUX METER (INTENSITAS CAHAYA)',0,'',NULL,'I0055',8,'buah',NULL,'2022-03-25 02:03:17','2024-07-10 01:34:09'),
(328,'KALIBRASI EARTH METER (GROUNDING)',0,'',NULL,'I0059',8,'buah',NULL,'2022-03-25 02:03:17','2024-07-10 01:34:09'),
(329,'KALIBRASI NOISE METER',0,'',NULL,'I0063',8,'buah',NULL,'2022-03-25 02:03:17','2024-07-10 01:34:09'),
(330,'KALIBRASI TACHOMETER',0,'',NULL,'I0071',8,'buah',NULL,'2022-03-25 02:03:17','2024-07-10 01:34:09'),
(331,'KALIBRASI TANG AMPERE',0,'',NULL,'I0111',8,'buah',NULL,'2022-03-25 02:03:17','2024-07-10 01:34:09'),
(333,'obeng kembang',0,NULL,NULL,'F1111',1,'buah','lantai 1 rak  bawah 3','2022-03-30 02:44:16','2024-07-10 01:34:09'),
(334,'Philips LEDTUBE 18 Watt',0,NULL,NULL,'F1234',1,'pcs','Pasteur','2022-04-18 04:03:09','2024-07-10 01:34:09'),
(335,'Ledtube 1200mm 14W',0,NULL,NULL,'14W865 100-277V',1,'pcs','Teknik','2022-05-27 09:05:03','2024-07-10 01:34:09'),
(336,'Bulb LED 10W Putih',0,NULL,NULL,'10W 6500K 1020lm 85mA',1,'pcs','Teknik','2022-05-27 09:08:27','2024-07-10 01:34:09');
/*!40000 ALTER TABLE `stockist_item` ENABLE KEYS */;
UNLOCK TABLES;

--
-- Table structure for table `stockist_level`
--

DROP TABLE IF EXISTS `stockist_level`;
/*!40101 SET @saved_cs_client     = @@character_set_client */;
/*!40101 SET character_set_client = utf8 */;
CREATE TABLE `stockist_level` (
  `leve_id` int(11) NOT NULL AUTO_INCREMENT,
  `level` varchar(300) NOT NULL,
  PRIMARY KEY (`leve_id`)
) ENGINE=InnoDB AUTO_INCREMENT=4 DEFAULT CHARSET=latin1 COLLATE=latin1_swedish_ci;
/*!40101 SET character_set_client = @saved_cs_client */;

--
-- Dumping data for table `stockist_level`
--

LOCK TABLES `stockist_level` WRITE;
/*!40000 ALTER TABLE `stockist_level` DISABLE KEYS */;
INSERT INTO `stockist_level` VALUES
(1,'admin'),
(2,'supervisor'),
(3,'operator');
/*!40000 ALTER TABLE `stockist_level` ENABLE KEYS */;
UNLOCK TABLES;

--
-- Table structure for table `stockist_stock`
--

DROP TABLE IF EXISTS `stockist_stock`;
/*!40101 SET @saved_cs_client     = @@character_set_client */;
/*!40101 SET character_set_client = utf8 */;
CREATE TABLE `stockist_stock` (
  `stock_id` int(11) NOT NULL AUTO_INCREMENT,
  `item_id` int(8) NOT NULL,
  `quantity` mediumint(9) NOT NULL,
  `created_at` timestamp(3) NOT NULL DEFAULT current_timestamp(3),
  `updated_at` timestamp(3) NOT NULL DEFAULT current_timestamp(3) ON UPDATE current_timestamp(3),
  PRIMARY KEY (`stock_id`)
) ENGINE=InnoDB AUTO_INCREMENT=2 DEFAULT CHARSET=latin1 COLLATE=latin1_swedish_ci;
/*!40101 SET character_set_client = @saved_cs_client */;

--
-- Dumping data for table `stockist_stock`
--

LOCK TABLES `stockist_stock` WRITE;
/*!40000 ALTER TABLE `stockist_stock` DISABLE KEYS */;
INSERT INTO `stockist_stock` VALUES
(1,3,2,'2024-07-10 01:25:08.391','2024-07-10 01:38:30.684');
/*!40000 ALTER TABLE `stockist_stock` ENABLE KEYS */;
UNLOCK TABLES;

--
-- Table structure for table `stockist_stock_in`
--

DROP TABLE IF EXISTS `stockist_stock_in`;
/*!40101 SET @saved_cs_client     = @@character_set_client */;
/*!40101 SET character_set_client = utf8 */;
CREATE TABLE `stockist_stock_in` (
  `stock_id` int(11) NOT NULL AUTO_INCREMENT,
  `item_id` int(8) NOT NULL,
  `quantity` mediumint(9) NOT NULL,
  `desc` varchar(2000) DEFAULT NULL,
  `location` varchar(200) DEFAULT NULL,
  `user_id` int(11) NOT NULL,
  `created_at` timestamp(3) NOT NULL DEFAULT current_timestamp(3),
  `updated_at` timestamp(3) NOT NULL DEFAULT current_timestamp(3) ON UPDATE current_timestamp(3),
  PRIMARY KEY (`stock_id`)
) ENGINE=InnoDB AUTO_INCREMENT=2 DEFAULT CHARSET=latin1 COLLATE=latin1_swedish_ci;
/*!40101 SET character_set_client = @saved_cs_client */;

--
-- Dumping data for table `stockist_stock_in`
--

LOCK TABLES `stockist_stock_in` WRITE;
/*!40000 ALTER TABLE `stockist_stock_in` DISABLE KEYS */;
INSERT INTO `stockist_stock_in` VALUES
(1,3,10,'barang tuk jual',NULL,1,'2024-07-10 01:25:08.388','2024-07-10 01:25:08.388');
/*!40000 ALTER TABLE `stockist_stock_in` ENABLE KEYS */;
UNLOCK TABLES;

--
-- Table structure for table `stockist_stock_out`
--

DROP TABLE IF EXISTS `stockist_stock_out`;
/*!40101 SET @saved_cs_client     = @@character_set_client */;
/*!40101 SET character_set_client = utf8 */;
CREATE TABLE `stockist_stock_out` (
  `stock_id` int(11) NOT NULL AUTO_INCREMENT,
  `item_id` int(8) NOT NULL,
  `quantity` mediumint(9) NOT NULL,
  `desc` varchar(2000) DEFAULT NULL,
  `user_id` int(11) DEFAULT NULL,
  `created_at` timestamp(3) NOT NULL DEFAULT current_timestamp(3),
  `updated_at` timestamp(3) NOT NULL DEFAULT current_timestamp(3) ON UPDATE current_timestamp(3),
  PRIMARY KEY (`stock_id`)
) ENGINE=InnoDB AUTO_INCREMENT=3 DEFAULT CHARSET=latin1 COLLATE=latin1_swedish_ci;
/*!40101 SET character_set_client = @saved_cs_client */;

--
-- Dumping data for table `stockist_stock_out`
--

LOCK TABLES `stockist_stock_out` WRITE;
/*!40000 ALTER TABLE `stockist_stock_out` DISABLE KEYS */;
INSERT INTO `stockist_stock_out` VALUES
(1,3,5,'terjual',1,'2024-07-10 01:25:18.212','2024-07-10 01:25:18.212'),
(2,3,3,'terjual ke warung',1,'2024-07-10 01:38:30.679','2024-07-10 01:38:30.679');
/*!40000 ALTER TABLE `stockist_stock_out` ENABLE KEYS */;
UNLOCK TABLES;

--
-- Table structure for table `stockist_user`
--

DROP TABLE IF EXISTS `stockist_user`;
/*!40101 SET @saved_cs_client     = @@character_set_client */;
/*!40101 SET character_set_client = utf8 */;
CREATE TABLE `stockist_user` (
  `user_id` mediumint(5) NOT NULL AUTO_INCREMENT,
  `username` varchar(200) NOT NULL,
  `password` varchar(255) NOT NULL,
  `email` varchar(250) DEFAULT NULL,
  `level_id` tinyint(2) NOT NULL,
  `full_name` varchar(300) DEFAULT NULL,
  `created_at` timestamp NOT NULL DEFAULT current_timestamp(),
  `updated_at` timestamp NOT NULL DEFAULT current_timestamp() ON UPDATE current_timestamp(),
  PRIMARY KEY (`user_id`)
) ENGINE=InnoDB AUTO_INCREMENT=4 DEFAULT CHARSET=latin1 COLLATE=latin1_swedish_ci;
/*!40101 SET character_set_client = @saved_cs_client */;

--
-- Dumping data for table `stockist_user`
--

LOCK TABLES `stockist_user` WRITE;
/*!40000 ALTER TABLE `stockist_user` DISABLE KEYS */;
INSERT INTO `stockist_user` VALUES
(1,'admin','dc9148f09e50c34b342dacb79200c8c503eac462cd97a51671ef7a9433cdec3e',NULL,1,'administrator','2022-03-29 09:16:52','2024-07-09 18:57:51'),
(2,'operator','fe96dd39756ac41b74283a9292652d366d73931f',NULL,2,'operator','2022-03-30 00:19:52','2022-05-16 03:23:12'),
(3,'haidar','9117e9d67c17b856e380c52502a2afbcf0eee813',NULL,2,'haidar','2022-05-18 06:51:56','2022-05-18 06:51:56');
/*!40000 ALTER TABLE `stockist_user` ENABLE KEYS */;
UNLOCK TABLES;
/*!40103 SET TIME_ZONE=@OLD_TIME_ZONE */;

/*!40101 SET SQL_MODE=@OLD_SQL_MODE */;
/*!40014 SET FOREIGN_KEY_CHECKS=@OLD_FOREIGN_KEY_CHECKS */;
/*!40014 SET UNIQUE_CHECKS=@OLD_UNIQUE_CHECKS */;
/*!40101 SET CHARACTER_SET_CLIENT=@OLD_CHARACTER_SET_CLIENT */;
/*!40101 SET CHARACTER_SET_RESULTS=@OLD_CHARACTER_SET_RESULTS */;
/*!40101 SET COLLATION_CONNECTION=@OLD_COLLATION_CONNECTION */;
/*!40111 SET SQL_NOTES=@OLD_SQL_NOTES */;

-- Dump completed on 2024-07-10  8:39:09
